,nb_sentences,nb_fr_words,nb_eng_words,ratio_nb_fr/nb_eng,nb_sure_ali,nb_potential_ali,nb_all_spans,nb_leaf_spans,mean_nb_fr_words_all_spans,mean_nb_eng_words_all_spans,mean_nb_fr_words_leaves,mean_nb_eng_words_leaves
Auberge,203,5674,5862,0.967929034459229,3389,6102,9144,4368,3.9936570428696414,4.159995625546807,1.2220695970695972,1.2431318681318682
Barbe,67,2145,2234,0.9601611459265891,1151,1913,3311,1522,4.204771972213833,4.2564180006040475,1.2871222076215505,1.257555847568988
Chat,51,1861,2036,0.9140471512770137,1173,1416,3091,1453,3.9521190553219023,4.217405370430281,1.1982105987611837,1.2278045423262216
DerniereClasse,91,2045,1935,1.0568475452196382,1058,2174,2902,1420,4.023776705720193,3.857684355616816,1.3471830985915494,1.3070422535211268
Vision,105,2912,2790,1.0437275985663081,1681,2542,4480,2165,4.135714285714286,4.009821428571429,1.2466512702078523,1.2290993071593534
